"0xcd3b74","Character Reference Number","Starting Class","Character's Leader","Starting Level","Loading X Co-ordinate","Loading Y Co-ordinate","Start X Co-Ordinate","Start Y Co-Ordinate","Slot Item 1","Slot Item 2","Slot Item 3","Slot Item 4","AI 1","AI 2","AI 3","AI 4"
"0x0","0x1","0x1","0x0","0x71","8","14","0x8","0xe","0x3","0x9","0x0","0x0","0x0","0x0","0x0","0x0"
"0x1","0x2","0x3","0x1","0x69","8","12","0x8","0xc","0x1f","0x28","0x26","0x0","0x0","0x0","0x0","0x0"
"0x2","0x2d","0x2","0x1","0x61","9","13","0x9","0xd","0xa","0x1","0x5","0x0","0x0","0x0","0x0","0x0"
"0x3","0xe","0x1b","0x1","0x9","10","14","0xa","0xe","0x2c","0x32","0x33","0x0","0x0","0x0","0x0","0x0"
"0x4","0x16","0x24","0x1","0x61","6","15","0x6","0xf","0x44","0x45","0x0","0x0","0x0","0x0","0x0","0x0"
"0x5","0x30","0x28","0x1","0x79","7","15","0x7","0xf","0x14","0x3","0x1c","0x6b","0x0","0x0","0x0","0x0"
"0x6","0x19","0x28","0x1","0x79","9","15","0x9","0xf","0x14","0x3","0x1c","0x6b","0x0","0x0","0x0","0x0"
"0x7","0x1b","0x2c","0x1","0x61","6","16","0x6","0x10","0x4a","0x4b","0x4f","0x6b","0x0","0x0","0x0","0x0"
"0x8","0x31","0x32","0x1","0x61","8","16","0x8","0x10","0x14","0x16","0x1c","0x6b","0x0","0x0","0x0","0x0"
"0x9","0x20","0x34","0x1","0x51","9","16","0x9","0x10","0x14","0x16","0x1c","0x0","0x0","0x0","0x0","0x0"
"0xa","0x23","0x3c","0x1","0x41","7","17","0x7","0x11","0x1","0x6a","0x0","0x0","0x0","0x0","0x0","0x0"
"0xb","0x25","0x40","0x1","0x39","8","17","0x8","0x11","0x6c","0x6c","0x0","0x0","0x0","0x0","0x0","0x0"
"0xc","0x0","0x0","0x0","0x0","0","0","0x0","0x0","0x0","0x0","0x0","0x0","0x0","0x0","0x0","0x0"
"0xd","0x1","0x1","0x0","0x71","3","16","0x3","0x10","0x3","0x9","0x0","0x0","0x0","0x0","0x0","0x0"
"0xe","0x2","0x3","0x1","0x69","1","16","0x1","0x10","0x1f","0x28","0x26","0x0","0x0","0x0","0x0","0x0"
"0xf","0x2d","0x2","0x1","0x61","4","15","0x4","0xf","0xa","0x1","0x5","0x0","0x0","0x0","0x0","0x0"
"0x10","0xe","0x1b","0x1","0x9","7","15","0x7","0xf","0x2c","0x32","0x33","0x0","0x0","0x0","0x0","0x0"
"0x11","0x16","0x24","0x1","0x61","5","17","0x5","0x11","0x44","0x45","0x0","0x0","0x0","0x0","0x0","0x0"
"0x12","0x30","0x28","0x1","0x79","6","17","0x6","0x11","0x14","0x3","0x1c","0x6b","0x0","0x0","0x0","0x0"
"0x13","0x19","0x28","0x1","0x79","5","15","0x5","0xf","0x14","0x3","0x1c","0x6b","0x0","0x0","0x0","0x0"
"0x14","0x1b","0x2c","0x1","0x61","1","17","0x1","0x11","0x4a","0x4b","0x4f","0x6b","0x0","0x0","0x0","0x0"
"0x15","0x31","0x32","0x1","0x61","2","15","0x2","0xf","0x14","0x16","0x1c","0x6b","0x0","0x0","0x0","0x0"
"0x16","0x20","0x34","0x1","0x51","8","17","0x8","0x11","0x14","0x16","0x1c","0x0","0x0","0x0","0x0","0x0"
"0x17","0x23","0x3c","0x1","0x41","0","16","0x0","0x10","0x1","0x6a","0x0","0x0","0x0","0x0","0x0","0x0"
"0x18","0x25","0x40","0x1","0x39","7","16","0x7","0x10","0x6c","0x6c","0x0","0x0","0x0","0x0","0x0","0x0"
"0x19","0x0","0x0","0x0","0x0","0","0","0x0","0x0","0x0","0x0","0x0","0x0","0x0","0x0","0x0","0x0"
"0x1a","0x64","0xc","0x0","0x64","24","1","0x18","0x1","0x7","0x28","0x0","0x0","0x3","0x3","0xa","0x0"
"0x1b","0x6d","0x18","0x64","0x55","16","7","0x10","0x7","0x2d","0x0","0x0","0x0","0x0","0x3","0xa","0x0"
"0x1c","0x6d","0x18","0x64","0x55","24","3","0x18","0x3","0x2c","0x0","0x0","0x0","0x0","0x3","0xa","0x0"
"0x1d","0x6d","0x22","0x64","0xd","24","16","0x18","0x10","0x39","0x3a","0x0","0x0","0x3","0x3","0xa","0x0"
"0x1e","0x6d","0x34","0x64","0x55","22","5","0x16","0x5","0x16","0x75","0x0","0x0","0x0","0x0","0xa","0x0"
"0x1f","0x6d","0x34","0x64","0x55","20","11","0x14","0xb","0x14","0x0","0x0","0x0","0x0","0x0","0xa","0x0"
"0x20","0x6d","0x50","0x64","0x55","16","9","0x10","0x9","0x20","0x0","0x0","0x0","0x0","0x1f","0xa","0x0"
"0x21","0x6d","0x50","0x64","0x55","24","6","0x18","0x6","0x28","0x0","0x0","0x0","0x0","0x0","0xa","0x0"
"0x22","0x6d","0x50","0x64","0x55","12","5","0xc","0x5","0x26","0x0","0x0","0x0","0x0","0x0","0xa","0x0"
"0x23","0x6d","0xa","0x64","0x55","9","4","0x9","0x4","0x3","0x0","0x0","0x0","0x0","0x3","0xa","0x0"
"0x24","0x6d","0xa","0x64","0x7d","8","5","0x8","0x5","0x4","0x0","0x0","0x0","0x0","0x3","0xa","0x0"
"0x25","0x6d","0x50","0x64","0x55","0","9","0x0","0x9","0x25","0x0","0x0","0x0","0x0","0x3","0xa","0x0"
"0x26","0x6d","0xa","0x64","0x55","9","6","0x9","0x6","0xe","0x0","0x0","0x0","0x0","0x3","0xa","0x0"
"0x27","0x6d","0x28","0x64","0x55","14","1","0xe","0x1","0x3","0x0","0x0","0x0","0x0","0x20","0xa","0x0"
"0x28","0x6d","0x28","0x64","0x55","14","2","0xe","0x2","0x16","0x0","0x0","0x0","0x0","0x20","0xa","0x0"
"0x29","0x6d","0x2e","0x64","0x55","15","1","0xf","0x1","0x32","0x0","0x0","0x0","0x0","0x3","0xa","0x0"
"0x2a","0x6d","0x2e","0x64","0x55","15","2","0xf","0x2","0x2d","0x0","0x0","0x0","0x0","0x3","0xa","0x0"
"0x2b","0x6d","0x50","0x64","0x55","2","7","0x2","0x7","0x28","0x0","0x0","0x0","0x0","0x3","0xa","0x0"
"0x2c","0x6d","0x20","0x64","0x55","19","18","0x13","0x12","0x38","0x0","0x0","0x0","0x0","0x0","0xa","0x0"
"0x2d","0x6d","0x20","0x64","0x55","15","17","0xf","0x11","0x38","0x0","0x0","0x0","0x0","0x0","0xa","0x0"
"0x2e","0x6d","0xa","0x64","0x55","21","0","0x15","0x0","0x3","0x0","0x0","0x0","0x0","0x3","0xa","0x0"
"0x2f","0x6d","0xa","0x64","0x55","3","1","0x3","0x1","0x1","0x0","0x0","0x0","0x0","0x0","0xa","0x0"
"0x30","0x6d","0xa","0x64","0x55","4","5","0x4","0x5","0x3","0x0","0x0","0x0","0x0","0x0","0xa","0x0"
"0x31","0x6d","0xa","0x64","0x55","6","10","0x6","0xa","0x12","0x0","0x0","0x0","0x0","0x0","0xa","0x0"
"0x32","0x6d","0xa","0x64","0x55","11","16","0xb","0x10","0x3","0x0","0x0","0x0","0x0","0x0","0xa","0x0"
"0x33","0x6d","0xa","0x64","0x55","21","1","0x15","0x1","0x2","0x0","0x0","0x0","0x0","0x3","0xa","0x0"
"0x34","0x0","0x0","0x0","0x0","0","0","0x0","0x0","0x0","0x0","0x0","0x0","0x0","0x0","0x0","0x0"
"0x35","0x64","0xc","0x0","0x64","20","1","0x14","0x1","0x7","0x28","0x0","0x0","0x3","0x3","0xa","0x0"
"0x36","0x6d","0xc","0x64","0xd","21","0","0x15","0x0","0x3","0x0","0x0","0x0","0x0","0x3","0xa","0x0"
"0x37","0x6d","0x22","0x64","0x55","17","1","0x11","0x1","0x39","0x3a","0x0","0x0","0x0","0x3","0xa","0x0"
"0x38","0x6d","0x34","0x64","0x55","22","5","0x16","0x5","0x16","0x75","0x0","0x0","0x0","0x0","0xa","0x0"
"0x39","0x6d","0x34","0x64","0x55","15","11","0xf","0xb","0x16","0x0","0x0","0x0","0x0","0x0","0xa","0x0"
"0x3a","0x6d","0x50","0x64","0x55","18","9","0x12","0x9","0x20","0x0","0x0","0x0","0x0","0x1f","0xa","0x0"
"0x3b","0x6d","0x50","0x64","0x55","24","6","0x18","0x6","0x28","0x0","0x0","0x0","0x0","0x1f","0xa","0x0"
"0x3c","0x6d","0x50","0x64","0x55","12","5","0xc","0x5","0x26","0x0","0x0","0x0","0x0","0x3","0xa","0x0"
"0x3d","0x6d","0xc","0x64","0x55","1","8","0x1","0x8","0x4","0x0","0x0","0x0","0x0","0x3","0xa","0x0"
"0x3e","0x6d","0xc","0x64","0xd","19","0","0x13","0x0","0x3","0x0","0x0","0x0","0x0","0x3","0xa","0x0"
"0x3f","0x6d","0xa","0x64","0x55","11","2","0xb","0x2","0x3","0x0","0x0","0x0","0x0","0x0","0xa","0x0"
"0x40","0x6d","0xa","0x64","0x55","5","4","0x5","0x4","0x3","0x0","0x0","0x0","0x0","0x0","0xa","0x0"
"0x41","0x6d","0xa","0x64","0x55","6","10","0x6","0xa","0x3","0x0","0x0","0x0","0x0","0x0","0xa","0x0"
"0x42","0x6d","0xa","0x64","0x55","13","15","0xd","0xf","0x3","0x0","0x0","0x0","0x0","0x0","0xa","0x0"
"0x43","0x6d","0x50","0x64","0x55","22","7","0x16","0x7","0x28","0x0","0x0","0x0","0x0","0x1f","0xa","0x0"
"0x44","0x6d","0x50","0x64","0x55","16","6","0x10","0x6","0x20","0x0","0x0","0x0","0x0","0x1f","0xa","0x0"
"0x45","0x6d","0x50","0x64","0x55","14","10","0xe","0xa","0x20","0x0","0x0","0x0","0x0","0x1f","0xa","0x0"
"0x46","0x6d","0x50","0x64","0x55","16","12","0x10","0xc","0x20","0x0","0x0","0x0","0x0","0x1f","0xa","0x0"
"0x47","0x6d","0x34","0x64","0x55","16","4","0x10","0x4","0x16","0x0","0x0","0x0","0x0","0x0","0xa","0x0"
"0x48","0x6d","0x34","0x64","0x55","24","12","0x18","0xc","0x16","0x0","0x0","0x0","0x0","0x0","0xa","0x0"
"0x49","0x6d","0x34","0x64","0x55","19","8","0x13","0x8","0x16","0x0","0x0","0x0","0x0","0x3","0xa","0x0"
"0x4a","0x6d","0x34","0x64","0x55","18","7","0x12","0x7","0x16","0x0","0x0","0x0","0x0","0x3","0xa","0x0"
"0x4b","0x6d","0x34","0x64","0x55","20","7","0x14","0x7","0x16","0x0","0x0","0x0","0x0","0x3","0xa","0x0"
"0x4c","0x6d","0xa","0x64","0x55","18","16","0x12","0x10","0x3","0x0","0x0","0x0","0x0","0x0","0xa","0x0"
"0x4d","0x0","0x0","0x0","0x0","0","0","0x0","0x0","0x0","0x0","0x0","0x0","0x0","0x0","0x0","0x0"
"0x4e","0x64","0xc","0x0","0x64","24","1","0x18","0x1","0x7","0x28","0x0","0x0","0x3","0x3","0xa","0x0"
"0x4f","0x6d","0x18","0x64","0x55","16","7","0x10","0x7","0x2d","0x0","0x0","0x0","0x0","0x3","0xa","0x0"
"0x50","0x6d","0x18","0x64","0x55","24","3","0x18","0x3","0x2c","0x0","0x0","0x0","0x0","0x3","0xa","0x0"
"0x51","0x6e","0x22","0x64","0xd","24","16","0x18","0x10","0x39","0x3a","0x0","0x0","0x3","0x3","0xa","0x0"
"0x52","0x6d","0x34","0x64","0x55","22","5","0x16","0x5","0x16","0x75","0x0","0x0","0x0","0x0","0xa","0x0"
"0x53","0x6d","0x34","0x64","0x55","20","11","0x14","0xb","0x14","0x0","0x0","0x0","0x0","0x0","0xa","0x0"
"0x54","0x6d","0x50","0x64","0x55","16","9","0x10","0x9","0x20","0x0","0x0","0x0","0x0","0x1f","0xa","0x0"
"0x55","0x6d","0x50","0x64","0x55","24","6","0x18","0x6","0x28","0x0","0x0","0x0","0x0","0x0","0xa","0x0"
"0x56","0x6d","0x50","0x64","0x55","12","5","0xc","0x5","0x26","0x0","0x0","0x0","0x0","0x0","0xa","0x0"
"0x57","0x6d","0xa","0x64","0x55","9","4","0x9","0x4","0x3","0x0","0x0","0x0","0x0","0x3","0xa","0x0"
"0x58","0x6e","0xa","0x64","0x7d","8","5","0x8","0x5","0x4","0x0","0x0","0x0","0x0","0x3","0xa","0x0"
"0x59","0x6d","0x50","0x64","0x55","0","9","0x0","0x9","0x25","0x0","0x0","0x0","0x0","0x3","0xa","0x0"
"0x5a","0x6d","0xa","0x64","0x55","9","6","0x9","0x6","0xe","0x0","0x0","0x0","0x0","0x3","0xa","0x0"
"0x5b","0x6d","0x28","0x64","0x55","14","1","0xe","0x1","0x3","0x0","0x0","0x0","0x0","0x20","0xa","0x0"
"0x5c","0x6d","0x28","0x64","0x55","14","2","0xe","0x2","0x16","0x0","0x0","0x0","0x0","0x20","0xa","0x0"
"0x5d","0x6d","0x2e","0x64","0x55","15","1","0xf","0x1","0x32","0x0","0x0","0x0","0x0","0x3","0xa","0x0"
"0x5e","0x6d","0x2e","0x64","0x55","15","2","0xf","0x2","0x2d","0x0","0x0","0x0","0x0","0x3","0xa","0x0"
"0x5f","0x6d","0x50","0x64","0x55","2","7","0x2","0x7","0x28","0x0","0x0","0x0","0x0","0x3","0xa","0x0"
"0x60","0x6d","0x20","0x64","0x55","19","18","0x13","0x12","0x38","0x0","0x0","0x0","0x0","0x0","0xa","0x0"
"0x61","0x6d","0x20","0x64","0x55","15","17","0xf","0x11","0x38","0x0","0x0","0x0","0x0","0x0","0xa","0x0"
"0x62","0x6d","0xa","0x64","0x55","21","0","0x15","0x0","0x3","0x0","0x0","0x0","0x0","0x3","0xa","0x0"
"0x63","0x6d","0xa","0x64","0x55","3","1","0x3","0x1","0x1","0x0","0x0","0x0","0x0","0x0","0xa","0x0"
"0x64","0x6d","0xa","0x64","0x55","4","5","0x4","0x5","0x3","0x0","0x0","0x0","0x0","0x0","0xa","0x0"
"0x65","0x6d","0xa","0x64","0x55","6","10","0x6","0xa","0x12","0x0","0x0","0x0","0x0","0x0","0xa","0x0"
"0x66","0x6d","0xa","0x64","0x55","11","16","0xb","0x10","0x3","0x0","0x0","0x0","0x0","0x0","0xa","0x0"
"0x67","0x6d","0xa","0x64","0x55","21","1","0x15","0x1","0x2","0x0","0x0","0x0","0x0","0x3","0xa","0x0"
"0x68","0x6d","0x34","0x64","0x65","17","2","0x11","0x2","0x16","0x0","0x0","0x0","0x0","0x0","0xa","0x0"
"0x69","0x6d","0x34","0x64","0x65","13","8","0xd","0x8","0x14","0x0","0x0","0x0","0x0","0x0","0xa","0x0"
"0x6a","0x6d","0x20","0x64","0x55","20","16","0x14","0x10","0x38","0x0","0x0","0x0","0x0","0x3","0xa","0x0"
"0x6b","0x6d","0x20","0x64","0x55","24","18","0x18","0x12","0x38","0x0","0x0","0x0","0x0","0x3","0xa","0x0"
"0x6c","0x6d","0x50","0x64","0x55","0","7","0x0","0x7","0x28","0x0","0x0","0x0","0x0","0x3","0xa","0x0"
"0x6d","0x6d","0x50","0x64","0x55","2","9","0x2","0x9","0x20","0x0","0x0","0x0","0x0","0x3","0xa","0x0"
"0x6e","0x6d","0xa","0x64","0x55","7","6","0x7","0x6","0x3","0x0","0x0","0x0","0x0","0x3","0xa","0x0"
"0x6f","0x6d","0x34","0x64","0x65","18","6","0x12","0x6","0x14","0x0","0x0","0x0","0x0","0x0","0xa","0x0"
"0x70","0x6d","0xa","0x64","0x65","25","1","0x19","0x1","0x3","0x0","0x0","0x0","0x0","0x0","0xa","0x0"
"0x71","0x6d","0xa","0x64","0x65","25","0","0x19","0x0","0x3","0x0","0x0","0x0","0x0","0x0","0xa","0x0"
"0x72","0x0","0x0","0x0","0x0","0","0","0x0","0x0","0x0","0x0","0x0","0x0","0x0","0x0","0x0","0x0"
"0x73","0x64","0xc","0x0","0x64","20","1","0x14","0x1","0x7","0x28","0x0","0x0","0x3","0x3","0xa","0x0"
"0x74","0x6d","0xc","0x64","0xd","21","0","0x15","0x0","0x3","0x0","0x0","0x0","0x0","0x3","0xa","0x0"
"0x75","0x6e","0x22","0x64","0x55","17","1","0x11","0x1","0x39","0x3a","0x0","0x0","0x0","0x3","0xa","0x0"
"0x76","0x6d","0x34","0x64","0x55","22","5","0x16","0x5","0x16","0x0","0x0","0x0","0x0","0x0","0xa","0x0"
"0x77","0x6d","0x34","0x64","0x55","15","11","0xf","0xb","0x16","0x0","0x0","0x0","0x0","0x0","0xa","0x0"
"0x78","0x6d","0x50","0x64","0x55","18","9","0x12","0x9","0x20","0x0","0x0","0x0","0x0","0x1f","0xa","0x0"
"0x79","0x6d","0x50","0x64","0x55","24","6","0x18","0x6","0x28","0x0","0x0","0x0","0x0","0x1f","0xa","0x0"
"0x7a","0x6d","0x50","0x64","0x55","12","5","0xc","0x5","0x26","0x0","0x0","0x0","0x0","0x3","0xa","0x0"
"0x7b","0x6e","0xc","0x64","0x55","1","8","0x1","0x8","0x4","0x0","0x0","0x0","0x0","0x3","0xa","0x0"
"0x7c","0x6d","0xc","0x64","0xd","19","0","0x13","0x0","0x3","0x0","0x0","0x0","0x0","0x3","0xa","0x0"
"0x7d","0x6d","0xa","0x64","0x55","11","2","0xb","0x2","0x3","0x0","0x0","0x0","0x0","0x0","0xa","0x0"
"0x7e","0x6d","0xa","0x64","0x55","5","4","0x5","0x4","0x3","0x0","0x0","0x0","0x0","0x0","0xa","0x0"
"0x7f","0x6d","0xa","0x64","0x55","6","10","0x6","0xa","0x3","0x0","0x0","0x0","0x0","0x0","0xa","0x0"
"0x80","0x6d","0xa","0x64","0x55","13","15","0xd","0xf","0x3","0x0","0x0","0x0","0x0","0x0","0xa","0x0"
"0x81","0x6d","0x50","0x64","0x55","22","7","0x16","0x7","0x28","0x0","0x0","0x0","0x0","0x1f","0xa","0x0"
"0x82","0x6d","0x50","0x64","0x55","16","6","0x10","0x6","0x20","0x0","0x0","0x0","0x0","0x1f","0xa","0x0"
"0x83","0x6d","0x50","0x64","0x55","14","10","0xe","0xa","0x20","0x0","0x0","0x0","0x0","0x1f","0xa","0x0"
"0x84","0x6d","0x50","0x64","0x55","16","12","0x10","0xc","0x20","0x0","0x0","0x0","0x0","0x1f","0xa","0x0"
"0x85","0x6d","0x34","0x64","0x55","16","4","0x10","0x4","0x16","0x0","0x0","0x0","0x0","0x0","0xa","0x0"
"0x86","0x6d","0x34","0x64","0x55","24","12","0x18","0xc","0x16","0x0","0x0","0x0","0x0","0x0","0xa","0x0"
"0x87","0x6d","0x34","0x64","0x55","19","8","0x13","0x8","0x16","0x0","0x0","0x0","0x0","0x3","0xa","0x0"
"0x88","0x6d","0x34","0x64","0x55","18","7","0x12","0x7","0x16","0x0","0x0","0x0","0x0","0x3","0xa","0x0"
"0x89","0x6d","0x34","0x64","0x55","20","7","0x14","0x7","0x16","0x0","0x0","0x0","0x0","0x3","0xa","0x0"
"0x8a","0x6d","0xa","0x64","0x55","18","16","0x12","0x10","0x3","0x0","0x0","0x0","0x0","0x0","0xa","0x0"
"0x8b","0x6d","0x34","0x64","0x55","13","9","0xd","0x9","0x16","0x0","0x0","0x0","0x0","0x3","0xa","0x0"
"0x8c","0x6d","0x34","0x64","0x55","17","13","0x11","0xd","0x16","0x0","0x0","0x0","0x0","0x3","0xa","0x0"
"0x8d","0x6d","0x50","0x64","0x55","19","10","0x13","0xa","0x20","0x0","0x0","0x0","0x0","0x1f","0xa","0x0"
"0x8e","0x6d","0xa","0x64","0x55","16","18","0x10","0x12","0x3","0x0","0x0","0x0","0x0","0x0","0xa","0x0"
"0x8f","0x6d","0xa","0x64","0x55","0","7","0x0","0x7","0x3","0x0","0x0","0x0","0x0","0x3","0xa","0x0"
"0x90","0x6d","0xa","0x64","0x55","2","9","0x2","0x9","0x3","0x0","0x0","0x0","0x0","0x3","0xa","0x0"
"0x91","0x6d","0xa","0x64","0x55","14","17","0xe","0x11","0x3","0x0","0x0","0x0","0x0","0x0","0xa","0x0"
"0x92","0x6d","0xa","0x64","0x55","12","3","0xc","0x3","0x3","0x0","0x0","0x0","0x0","0x0","0xa","0x0"
"0x93","0x6d","0xa","0x64","0x55","14","1","0xe","0x1","0x3","0x0","0x0","0x0","0x0","0x0","0xa","0x0"
"0x94","0x6d","0xa","0x64","0x55","8","5","0x8","0x5","0x3","0x0","0x0","0x0","0x0","0x0","0xa","0x0"
"0x95","0x6d","0xa","0x64","0x55","6","6","0x6","0x6","0x3","0x0","0x0","0x0","0x0","0x0","0xa","0x0"
"0x96","0x6d","0x34","0x64","0x55","24","0","0x18","0x0","0x16","0x0","0x0","0x0","0x0","0x0","0xa","0x0"
"0x97","0x6d","0x34","0x64","0x55","25","1","0x19","0x1","0x16","0x0","0x0","0x0","0x0","0x0","0xa","0x0"
"0x98","0x6d","0x34","0x64","0x55","24","2","0x18","0x2","0x16","0x0","0x0","0x0","0x0","0x0","0xa","0x0"
"0x99","0x0","0x0","0x0","0x0","0","0","0x0","0x0","0x0","0x0","0x0","0x0","0x0","0x0","0x0","0x0"
"0x9a","0x5","0x13","0x0","0x1c","0","6","0x1","0x6","0x24","0x2d","0x0","0x0","0x0","0x3","0x1","0x0"
"0x9b","0x0","0x0","0x0","0x0","0","0","0x0","0x0","0x0","0x0","0x0","0x0","0x0","0x0","0x0","0x0"
"0x9c","0x5","0x13","0x0","0x1c","24","18","0x17","0x11","0x24","0x2d","0x0","0x0","0x0","0x3","0x1","0x0"
"0x9d","0x0","0x0","0x0","0x0","0","0","0x0","0x0","0x0","0x0","0x0","0x0","0x0","0x0","0x0","0x0"
"0x9e","0x6d","0x34","0x64","0x55","25","1","0x19","0x1","0x16","0x0","0x0","0x0","0x0","0x0","0xa","0x0"
"0x9f","0x6d","0x34","0x64","0x55","25","3","0x19","0x3","0x1c","0x0","0x0","0x0","0x0","0x0","0xa","0x0"
"0xa0","0x0","0x0","0x0","0x0","0","0","0x0","0x0","0x0","0x0","0x0","0x0","0x0","0x0","0x0","0x0"
"0xa1","0x6d","0x50","0x64","0x55","25","6","0x19","0x6","0x28","0x0","0x0","0x0","0x0","0x4","0xa","0x0"
"0xa2","0x6d","0x50","0x64","0x55","25","7","0x19","0x7","0x1f","0x0","0x0","0x0","0x0","0x4","0xa","0x0"
"0xa3","0x6d","0x50","0x64","0x55","25","8","0x19","0x8","0x22","0x0","0x0","0x0","0x0","0x4","0xa","0x0"
"0xa4","0x0","0x0","0x0","0x0","0","0","0x0","0x0","0x0","0x0","0x0","0x0","0x0","0x0","0x0","0x0"
"0xa5","0x6d","0x34","0x64","0x55","25","11","0x19","0xb","0x16","0x0","0x0","0x0","0x0","0x0","0xa","0x0"
"0xa6","0x6d","0x34","0x64","0x55","25","12","0x19","0xc","0x14","0x0","0x0","0x0","0x0","0x0","0xa","0x0"
"0xa7","0x0","0x0","0x0","0x0","0","0","0x0","0x0","0x0","0x0","0x0","0x0","0x0","0x0","0x0","0x0"
"0xa8","0x6d","0xa","0x64","0x55","13","0","0xd","0x0","0x3","0x0","0x0","0x0","0x0","0x0","0xa","0x0"
"0xa9","0x6d","0xa","0x64","0x55","14","0","0xe","0x0","0x1","0x0","0x0","0x0","0x0","0x0","0xa","0x0"
"0xaa","0x6d","0xa","0x64","0x55","8","0","0x8","0x0","0x1","0x0","0x0","0x0","0x0","0x0","0xa","0x0"
"0xab","0x6d","0xa","0x64","0x55","9","0","0x9","0x0","0x3","0x0","0x0","0x0","0x0","0x0","0xa","0x0"
"0xac","0x0","0x0","0x0","0x0","0","0","0x0","0x0","0x0","0x0","0x0","0x0","0x0","0x0","0x0","0x0"
"0xad","0x1","0x1","0x0","0x71","7","12","0x7","0xc","0x3","0x9","0x0","0x0","0x0","0x0","0x0","0x0"
"0xae","0x2","0x3","0x1","0x69","6","13","0x6","0xd","0x1f","0x28","0x26","0x0","0x0","0x0","0x0","0x0"
"0xaf","0x2d","0x2","0x1","0x61","8","13","0x8","0xd","0xa","0x1","0x5","0x0","0x0","0x0","0x0","0x0"
"0xb0","0x25","0x40","0x1","0x39","9","12","0x9","0xc","0x6c","0x6c","0x0","0x0","0x0","0x0","0x0","0x0"
"0xb1","0x0","0x0","0x0","0x0","0","0","0x0","0x0","0x0","0x0","0x0","0x0","0x0","0x0","0x0","0x0"
"0xb2","0x36","0x3c","0x1","0x60","7","16","0x7","0x10","0x1","0x6a","0x0","0x0","0x6","0x5","0x9","0x0"
"0xb3","0x22","0x3b","0x1","0x79","8","15","0x8","0xf","0x29","0x0","0x0","0x6b","0x0","0x0","0x0","0x0"
"0xb4","0x0","0x0","0x0","0x0","0","0","0x0","0x0","0x0","0x0","0x0","0x0","0x0","0x0","0x0","0x0"
"0xb5","0x15","0x22","0x0","0x32","11","15","0xb","0xf","0x39","0x4d","0x0","0x0","0x0","0x0","0x0","0x0"
"0xb6","0xf","0x1b","0x0","0x22","10","16","0xa","0x10","0x2e","0x73","0x6c","0x0","0x0","0x0","0x0","0x0"
"0xb7","0x0","0x0","0x0","0x0","0","0","0x0","0x0","0x0","0x0","0x0","0x0","0x0","0x0","0x0","0x0"
"0xb8","0x64","0xc","0x0","0x64","13","3","0xd","0x3","0x7","0x28","0x0","0x0","0x3","0x3","0xa","0x0"
"0xb9","0x63","0x10","0x64","0x35","12","2","0xc","0x2","0x20","0x2e","0x0","0x0","0x0","0x3","0x1","0x0"
"0xba","0x0","0x0","0x0","0x0","0","0","0x0","0x0","0x0","0x0","0x0","0x0","0x0","0x0","0x0","0x0"
"0xbb","0x14","0x21","0x0","0x2c","13","0","0xd","0x0","0x39","0x0","0x0","0x0","0x0","0x3","0x1","0x0"
"0xbc","0x0","0x0","0x0","0x0","0","0","0x0","0x0","0x0","0x0","0x0","0x0","0x0","0x0","0x0","0x0"
"0xbd","0x6d","0xa","0x64","0x55","9","0","0x9","0x4","0x3","0x0","0x0","0x0","0x0","0x3","0xa","0x0"
"0xbe","0x6e","0xa","0x64","0x7d","9","0","0x8","0x5","0x4","0x0","0x0","0x0","0x0","0x3","0xa","0x0"
"0xbf","0x6d","0xa","0x64","0x55","9","0","0x9","0x6","0xe","0x0","0x0","0x0","0x0","0x3","0xa","0x0"
"0xc0","0x6d","0x50","0x64","0x55","0","6","0x2","0x7","0x28","0x0","0x0","0x0","0x0","0x3","0xa","0x0"
"0xc1","0x6d","0x50","0x64","0x55","0","6","0x0","0x9","0x25","0x0","0x0","0x0","0x0","0x3","0xa","0x0"
"0xc2","0x6d","0xa","0x64","0x55","5","0","0x4","0x5","0x3","0x0","0x0","0x0","0x0","0x0","0xa","0x0"
"0xc3","0x6d","0xa","0x64","0x55","5","0","0x6","0xa","0x1e","0x0","0x0","0x0","0x0","0x0","0xa","0x0"
"0xc4","0x0","0x0","0x0","0x0","0","0","0x0","0x0","0x0","0x0","0x0","0x0","0x0","0x0","0x0","0x0"
"0xc5","0xdc","0x47","0x0","0xa","4","2","0x4","0x2","0x0","0x0","0x0","0x0","0x3","0x3","0xa","0x0"
"0xc6","0xdc","0x47","0x0","0xa","18","1","0x12","0x1","0x0","0x0","0x0","0x0","0x3","0x3","0xa","0x0"
"0xc7","0xdc","0x47","0x0","0xa","9","3","0x9","0x3","0x0","0x0","0x0","0x0","0x3","0x3","0xa","0x0"
"0xc8","0xdc","0x47","0x0","0xa","4","5","0x4","0x5","0x0","0x0","0x0","0x0","0x3","0x3","0xa","0x0"
"0xc9","0xdc","0x47","0x0","0xa","4","6","0x4","0x6","0x0","0x0","0x0","0x0","0x3","0x3","0xa","0x0"
"0xca","0xdc","0x47","0x0","0xa","2","8","0x2","0x8","0x0","0x0","0x0","0x0","0x3","0x3","0xa","0x0"
"0xcb","0x0","0x0","0x0","0x0","0","0","0x0","0x0","0x0","0x0","0x0","0x0","0x0","0x0","0x0","0x0"
"0xcc","0xdb","0xe","0x64","0x55","8","5","0x8","0x5","0x1","0x0","0x0","0x0","0x0","0x0","0xa","0x0"
"0xcd","0x0","0x0","0x0","0x0","0","0","0x0","0x0","0x0","0x0","0x0","0x0","0x0","0x0","0x0","0x0"
"0xce","0x64","0xc","0x0","0x64","8","6","0x8","0x6","0x7","0x28","0x0","0x0","0x3","0x3","0xa","0x0"
"0xcf","0x0","0x0","0x0","0x0","0","0","0x0","0x0","0x0","0x0","0x0","0x0","0x0","0x0","0x0","0x0"
"0xd0","0x63","0x10","0x64","0x35","8","6","0x8","0x6","0x20","0x2e","0x0","0x0","0x0","0x3","0x1","0x0"
"0xd1","0x0","0x0","0x0","0x0","0","0","0x0","0x0","0x0","0x0","0x0","0x0","0x0","0x0","0x0","0x0"
