"0xc9a200","Unused Pointer","ObjectType1 (PTABLE)","ObjectType2 (PTABLE)","Palette (PTABLE)","TileConfig (PTABLE)","Map (PTABLE)","Anims1 (PTABLE)","Anims2 (PTABLE)","Tile Changes (PTABLE)","Vision Distance","Has Prep Screen?","Unused","Unused","Initial Camera Coords","Initial Weather","Battle Background","Hard Mode Bonus","Byte 22","EM Player Phase BGM","EM Enemy Phase BGM","EM NPC Phase BGM","HM Player Phase BGM","HM Enemy Phase BGM","HM NPC Phase BGM","Secondary Player Phase BGM","Secondary Enemy Phase BGM","Worldmap Chapter Prologue BGM","EM Chapter Opening BGM/SFX","HM Chapter Opening BGM/SFX","Destructible Walls HP","ENM Tactics 5-Stars Turn Limit","EHM Tactics 5-Stars Turn Limit","HNM Tactics 5-Stars Turn Limit","HHM Tactics 5-Stars Turn Limit","ENM Tactics 4-Stars Turn Limit","EHM Tactics 4-Stars Turn Limit","HNM Tactics 4-Stars Turn Limit","HHM Tactics 4-Stars Turn Limit","ENM Tactics 3-Stars Turn Limit","EHM Tactics 3-Stars Turn Limit","HNM Tactics 3-Stars Turn Limit","HHM Tactics 3-Stars Turn Limit","ENM Tactics 2-Stars Turn Limit","EHM Tactics 2-Stars Turn Limit","HNM Tactics 2-Stars Turn Limit","HHM Tactics 2-Stars Turn Limit","##UNKNOWN##","ENM 5-Stars Exp Requirement","EHM 5-Stars Exp Requirement","HNM 5-Stars Exp Requirement","HHM 5-Stars Exp Requirement","ENM 4-Stars Exp Requirement","EHM 4-Stars Exp Requirement","HNM 4-Stars Exp Requirement","HHM 4-Stars Exp Requirement","ENM 3-Stars Exp Requirement","EHM 3-Stars Exp Requirement","HNM 3-Stars Exp Requirement","HHM 3-Stars Exp Requirement","ENM 2-Stars Exp Requirement","EHM 2-Stars Exp Requirement","HNM 2-Stars Exp Requirement","HHM 2-Stars Exp Requirement","##UNKNOWN##","ENM Maximum Acquirable Funds","##UNKNOWN##","EHM Maximum Acquirable Funds","##UNKNOWN##","HNM Maximum Acquirable Funds","##UNKNOWN##","HHM Maximum Acquirable Funds","##UNKNOWN##","EM Chapter Title Numbered","HM Chapter Title Numbered","EM Chapter Title","HM Chapter Title","Events (PTABLE)","Worldmap Chapter Prologue Scene","Pre-Augury Text","Pre-Augury Text Bank","EM Augury Text","EM Augury Text Bank","HM Augury Text","Hm Augury Text Bank","Post-Augury Text","Post Augury Text Bank","Augury Portrait","Augury Price","EM Preparation Screen Ch. No.","HM Preparation Screen Ch. No.","EM Merlinus X-Coordinate","HM Merlinus X-Coordinate","EM Merlinus Y-Coordinate","HM Merlinus Y-Coordinate","Enemy count for 'Winning Road'","Chapter Title Display Fade-out","Status - Objective Text","Goal Window Text","Goal Window Information","Turns to count down to +1","Protect Character Marker","Tile Marker - X-Coordinate","Tile Marker - Y-Coordinate","Byte 150","Byte 151","Byte 152"
"Prologue: A Girl from the Plains","0x83b8ca4","0x1","0x0","0x2","0x3","0x4","0x5","0x0","0x0","0","0","0x0","0x0","0x1","0","0x4","0x3","0x0","0x30","0xc","0x30","0x30","0xc","0x30","0xffff","0xffff","0x25","0xffff","0xffff","100","5","5","5","5","6","6","6","6","7","7","7","7","8","8","8","8","0x0","100","100","100","100","80","80","80","80","60","60","60","60","40","40","40","40","0x0","1060","0x0","1060","0x0","1060","0x0","1060","0x0","0x58c","0x58c","0x55c","0x55c","0x6","0x1","0x0","0x0","0x0","0x0","0x0","0x0","0x0","0x0","0x0","0","0x0","0x0","255","255","0","0","0","1","0x65c","0x65d","0","0","0x0","255","0","0xd","0x0","0x0"
"Ch. 1: Footsteps of Fate","0x83b8c9c","0x1","0x0","0x7","0x3","0x8","0x5","0x0","0x0","0","0","0x1","0x1","0x1","0","0x4","0x3","0x0","0x30","0xc","0x30","0x30","0xc","0x30","0xffff","0xffff","0x25","0x4e","0x4e","100","7","7","7","7","8","8","8","8","9","9","9","9","10","10","10","10","0x0","200","200","200","200","180","180","180","180","160","160","160","160","140","140","140","140","0x0","1940","0x0","1480","0x0","1940","0x0","1480","0x0","0x58d","0x58d","0x55d","0x55d","0x9","0x2","0x0","0x0","0x0","0x0","0x0","0x0","0x0","0x0","0x0","0","0x2","0x2","255","255","0","0","1","1","0x65e","0x65f","1","0","0x0","255","0","0x22","0x0","0x0"
"Ch. 2: Sword of Spirits","0x83b8c94","0xa","0x0","0xb","0xc","0xd","0x0","0x0","0xe","0","0","0x2","0x2","0x1","0","0x4","0x3","0x0","0x30","0xc","0x8","0x30","0xc","0x8","0xffff","0xffff","0x25","0x3f","0x3f","30","7","7","7","7","8","8","8","8","9","9","9","9","10","10","10","10","0x0","200","200","200","200","180","180","180","180","160","160","160","160","140","140","140","140","0x0","300","0x0","300","0x0","300","0x0","300","0x0","0x58e","0x58e","0x55e","0x55e","0xf","0x3","0x0","0x0","0x0","0x0","0x0","0x0","0x0","0x0","0x0","0","0x4","0x4","255","255","0","0","1","1","0x660","0x661","0","0","0x0","255","0","0x22","0x0","0x0"
"Ch. 3: Band of Mercenaries","0x83b8c8c","0x10","0x0","0x11","0x12","0x13","0x0","0x0","0x14","0","0","0x3","0x3","0x1","0","0x4","0x3","0x0","0x30","0xc","0x30","0x30","0xc","0x30","0xffff","0xffff","0x25","0x51","0x51","100","7","7","7","7","8","8","8","8","9","9","9","9","10","10","10","10","0x0","300","300","300","300","280","280","280","280","260","260","260","260","240","240","240","240","0x0","3290","0x0","3290","0x0","3290","0x0","3290","0x0","0x58f","0x58f","0x55f","0x55f","0x15","0x4","0x0","0x0","0x0","0x0","0x0","0x0","0x0","0x0","0x0","0","0x6","0x6","255","255","0","0","1","0","0x662","0x663","1","0","0x0","255","0","0x1c","0x0","0x0"
"Ch. 4: In Occupation's Shadow","0x83b8c84","0x16","0x0","0x17","0x18","0x19","0x0","0x0","0x1a","0","0","0x4","0x4","0x701","0","0x5","0x3","0x0","0x30","0xc","0x8","0x30","0xc","0x8","0xffff","0xffff","0x25","0x3a3","0x3a3","50","8","8","8","8","9","9","9","9","10","10","10","10","11","11","11","11","0x0","450","450","450","450","430","430","430","430","410","410","410","410","390","390","390","390","0x0","270","0x0","270","0x0","270","0x0","270","0x0","0x590","0x590","0x560","0x560","0x1b","0x5","0x0","0x0","0x0","0x0","0x0","0x0","0x0","0x0","0x0","0","0x8","0x8","255","255","0","0","1","1","0x664","0x665","2","8","0x9e","255","0","0x43","0x0","0x0"
"Ch. 5: Beyond the Borders","0x83b8c7c","0x1c","0x1d","0x1e","0x1f","0x20","0x5","0x0","0x0","0","0","0x5","0x5","0x1","0","0x0","0x3","0x0","0x30","0xc","0x8","0x30","0xc","0x8","0xffff","0xffff","0x25","0x3f","0x3f","100","4","4","4","4","5","5","5","5","6","6","6","6","6","6","6","6","0x0","250","250","250","250","230","230","230","230","210","210","210","210","190","190","190","190","0x0","1460","0x0","1460","0x0","1460","0x0","1460","0x0","0x591","0x591","0x561","0x561","0x21","0x6","0x0","0x0","0x0","0x0","0x0","0x0","0x0","0x0","0x0","0","0xa","0xa","255","255","0","0","1","0","0x666","0x667","1","0","0x0","255","0","0x1c","0x0","0x0"
"Ch. 6: Blood of Pride","0x83b8c74","0x10","0x0","0x22","0x12","0x23","0x0","0x0","0x24","0","0","0x6","0x6","0x1","0","0x6","0x3","0x0","0x30","0xc","0x30","0x30","0xc","0x30","0xffff","0xffff","0x25","0x4e","0x4e","100","7","7","7","7","8","8","8","8","9","9","9","9","10","10","10","10","0x0","250","250","250","250","230","230","230","230","210","210","210","210","190","190","190","190","0x0","18030","0x0","18030","0x0","18030","0x0","18030","0x0","0x592","0x592","0x562","0x562","0x25","0x7","0x0","0x0","0x0","0x0","0x0","0x0","0x0","0x0","0x0","0","0xc","0xc","255","255","0","0","1","0","0x668","0x669","4","0","0x0","12","1","0x1e","0x0","0x0"
"Ch. 7: Siblings Abroad","0x83b8c6c","0x1c","0x1d","0x1e","0x1f","0x26","0x5","0x0","0x27","0","1","0x7","0x7","0x1","0","0x0","0x3","0x0","0x30","0xc","0x30","0x30","0xc","0x30","0xffff","0xffff","0x25","0x32","0x32","100","6","6","6","6","7","7","7","7","8","8","8","8","9","9","9","9","0x0","350","350","350","350","330","330","330","330","310","310","310","310","290","290","290","290","0x0","2190","0x0","2190","0x0","2190","0x0","2190","0x0","0x593","0x593","0x563","0x563","0x28","0x8","0x0","0x0","0x0","0x0","0x0","0x0","0x0","0x0","0x0","0","0xe","0xe","255","255","0","0","1","1","0x66a","0x66b","3","0","0x0","255","0","0x36","0x0","0x0"
"Ch. 7x: The Black Shadow","0x83b8c60","0xa","0x0","0x29","0xc","0x2a","0x0","0x0","0x2b","0","1","0x8","0x8","0xe01","0","0x6","0x3","0x0","0x5","0x11","0x5","0x5","0x11","0x5","0xffff","0xffff","0x25","0x50","0x50","20","7","7","7","7","8","8","8","8","9","9","9","9","10","10","10","10","0x0","450","450","450","450","430","430","430","430","410","410","410","410","390","390","390","390","0x0","3250","0x0","4450","0x0","3250","0x0","4450","0x0","0x594","0x594","0x564","0x564","0x2c","0x9","0x0","0x0","0x0","0x0","0x0","0x0","0x0","0x0","0x0","0","0xf","0xf","255","255","0","0","1","1","0x66c","0x66d","1","0","0x0","255","0","0x3f","0x0","0x0"
"Ch. 8: Vortex of Strategy","0x83b8c58","0x1c","0x1d","0x1e","0x1f","0x2d","0x5","0x0","0x2e","0","1","0x9","0x9","0x1101","0","0x0","0x3","0x0","0x30","0xc","0x30","0x30","0xc","0x30","0xffff","0xffff","0x25","0x3a4","0x3a4","100","7","7","7","7","8","8","8","8","9","9","9","9","10","10","10","10","0x0","500","500","500","500","480","480","480","480","460","460","460","460","440","440","440","440","0x0","1800","0x0","1800","0x0","1800","0x0","1800","0x0","0x595","0x595","0x565","0x565","0x2f","0xa","0x0","0x0","0x0","0x0","0x0","0x0","0x0","0x0","0x0","0","0x10","0x10","255","255","0","0","1","1","0x66e","0x66f","1","0","0x0","255","0","0x1c","0x0","0x0"
"Ch. 9: A Grim Reunion","0x83b8c50","0x1c","0x1d","0x1e","0x1f","0x30","0x5","0x0","0x31","0","1","0xa","0xa","0x701","0","0x0","0x3","0x0","0x30","0xc","0x30","0x30","0xc","0x30","0x7","0x13","0x25","0x3d","0x3d","100","8","8","8","8","9","9","9","9","10","10","10","10","11","11","11","11","0x0","650","650","650","650","630","630","630","630","610","610","610","610","590","590","590","590","0x0","1430","0x0","1430","0x0","1430","0x0","1430","0x0","0x596","0x596","0x566","0x566","0x32","0xb","0x0","0x0","0x0","0x0","0x0","0x0","0x0","0x0","0x0","0","0x12","0x12","255","255","0","0","1","1","0x670","0x671","0","0","0x0","255","0","0x21","0x0","0x0"
"Ch. 10: The Distant Plains","0x83b8c48","0x1c","0x1d","0x33","0x1f","0x34","0x5","0x0","0x35","0","1","0xb","0xb","0x1101","0","0x0","0x3","0x0","0x30","0xc","0x30","0x30","0xc","0x30","0xffff","0xffff","0x25","0x2","0x2","100","12","12","12","12","13","13","13","13","14","14","14","14","15","15","15","15","0x0","450","450","450","450","430","430","430","430","410","410","410","410","390","390","390","390","0x0","8000","0x0","8000","0x0","8000","0x0","8000","0x0","0x597","0x597","0x567","0x567","0x36","0xc","0x0","0x0","0x0","0x0","0x0","0x0","0x0","0x0","0x0","0","0x14","0x14","255","255","0","0","1","1","0x672","0x673","0","0","0x0","255","0","0xd","0x0","0x0"
"Ch. 11: Taking Leave (E)","0x83b8c40","0x1c","0x1d","0x1e","0x1f","0x37","0x5","0x0","0x38","0","0","0xc","0x29","0xa05","0","0x0","0x5","0x0","0x1","0xc","0x30","0x3","0xc","0x3","0xffff","0xffff","0x25","0x3d","0x3d","100","7","8","0","0","9","10","0","0","11","12","0","0","13","14","0","0","0x0","350","450","0","0","300","400","0","0","250","350","0","0","200","300","0","0","0x0","26000","0x0","26000","0x0","0","0x0","0","0x0","0x598","0x598","0x568","0x568","0x39","0xd","0x0","0x0","0x0","0x0","0x0","0x0","0x0","0x0","0x0","0","0x16","0x16","255","255","0","0","1","0","0x674","0x675","0","0","0x0","255","0","0x1c","0x0","0x0"
"Ch. 11: Another Journey (H)","0x83b8c38","0xa","0x0","0x3a","0xc","0x3b","0x0","0x0","0x3c","0","0","0xc","0x29","0x902","0","0x0","0x5","0x0","0x3","0xc","0x3","0x3","0xc","0x3","0xffff","0xffff","0x25","0x3e","0x3e","20","0","0","9","7","0","0","11","9","0","0","13","11","0","0","15","13","0x0","0","0","350","350","0","0","300","300","0","0","250","250","0","0","200","200","0x0","0","0x0","0","0x0","8000","0x0","9000","0x0","0x5b5","0x5b5","0x569","0x569","0x3d","0xe","0x0","0x0","0x0","0x0","0x0","0x0","0x0","0x0","0x0","0","0x16","0x16","255","255","0","0","1","1","0x676","0x677","3","0","0x0","255","0","0xd","0x0","0x0"
"Ch. 12: Birds of a Feather","0x83b8c30","0x1c","0x1d","0x1e","0x1f","0x3e","0x5","0x0","0x3f","0","0","0xd","0x2a","0x103","0","0x0","0x5","0x0","0x1","0xc","0x1","0x3","0xc","0x3","0xffff","0xffff","0x25","0x52","0x33","100","9","8","7","8","11","10","9","10","13","12","11","12","15","14","13","14","0x0","500","550","450","450","450","500","400","400","400","450","350","350","300","400","300","300","0x0","15000","0x0","15000","0x0","8500","0x0","9500","0x0","0x599","0x599","0x56a","0x56a","0x40","0xf","0x0","0x0","0x0","0x0","0x0","0x0","0x0","0x0","0x0","0","0x18","0x18","255","255","0","0","1","1","0x678","0x679","1","0","0x0","255","0","0x1c","0x0","0x0"
"Ch. 13: In Search of Truth","0x83b8c28","0x1c","0x1d","0x1e","0x1f","0x41","0x5","0x0","0x42","0","0","0xe","0x2b","0xb08","0","0x0","0x5","0x0","0x1","0xc","0x1","0x3","0xc","0x3","0xffff","0xffff","0x25","0x52","0x52","100","10","12","13","12","12","14","15","14","14","16","17","16","16","18","19","18","0x0","650","750","700","800","600","700","650","750","550","650","600","700","500","600","550","650","0x0","5700","0x0","4500","0x0","3000","0x0","3000","0x0","0x59a","0x59a","0x56b","0x56b","0x43","0x10","0x0","0x0","0x0","0x0","0x0","0x0","0x0","0x0","0x0","0","0x1a","0x1a","255","255","0","0","1","0","0x67a","0x67b","0","0","0x0","255","0","0x12","0x0","0x0"
"Ch. 13x: The Peddler Merlinus","0x83b8c20","0x1c","0x1d","0x44","0x1f","0x45","0x5","0x0","0x46","3","0","0xf","0x2c","0x908","0","0x7","0x5","0x0","0x5","0x12","0x5","0x5","0x12","0x5","0xffff","0xffff","0x25","0x3a9","0x3a9","100","7","7","7","7","7","7","7","7","7","7","7","7","7","7","7","7","0x0","650","700","750","950","600","650","700","900","550","600","650","850","500","550","600","800","0x0","6200","0x0","6000","0x0","6000","0x0","6000","0x0","0x59b","0x59b","0x56c","0x56c","0x47","0x11","0x0","0x0","0x0","0x0","0x0","0x0","0x0","0x0","0x0","0","0x1b","0x1b","255","255","0","0","1","1","0x67c","0x67d","2","8","0x28","255","0","0x1f","0x0","0x0"
"Ch. 14: False Friends","0x83b8c18","0x1c","0x1d","0x48","0x1f","0x49","0x5","0x0","0x4a","0","1","0x10","0x2d","0x602","0","0x0","0x5","0x0","0x1","0xd","0x8","0x3","0xd","0x8","0xffff","0xffff","0x25","0x53","0x53","100","12","10","17","10","14","12","19","12","16","14","21","14","18","16","23","16","0x0","900","850","800","1050","850","800","750","1000","800","750","700","950","750","700","650","900","0x0","13000","0x0","12500","0x0","13000","0x0","12500","0x0","0x59c","0x59c","0x56d","0x56d","0x4b","0x12","0x71","0xf","0x9e","0xf","0x9e","0xf","0x72","0xf","0x4b","50","0x1c","0x1c","21","21","1","1","1","0","0x67e","0x67f","1","0","0x0","255","0","0x1c","0x0","0x0"
"Ch. 15: Talons Alight (H)","0x83b8c10","0xa","0x0","0x3a","0xc","0x4c","0x0","0x0","0x4d","0","1","0x10","0x2e","0x1","0","0x0","0x5","0x0","0x3","0xd","0x3","0x3","0xd","0x3","0xffff","0xffff","0x25","0x32","0x32","20","0","0","7","7","0","0","7","7","0","0","7","7","0","0","7","7","0x0","0","0","700","950","0","0","650","900","0","0","600","850","0","0","550","800","0x0","0","0x0","0","0x0","3500","0x0","11500","0x0","0x5b6","0x5b6","0x56e","0x56e","0x4e","0x13","0x71","0xf","0x9f","0xf","0x9f","0xf","0x72","0xf","0x4b","50","0x1c","0x1e","7","7","2","2","1","1","0x680","0x681","2","8","0x0","255","0","0x10","0x0","0x0"
"Ch. 15/16: Noble Lady of Caelin","0x83b8c08","0x1c","0x1d","0x1e","0x1f","0x4f","0x5","0x0","0x50","0","1","0x11","0x2f","0x503","0","0x0","0x5","0x0","0x2","0xd","0x2","0xa","0xd","0xa","0xffff","0xffff","0x26","0x56","0x56","100","10","7","12","14","12","9","14","16","14","11","16","18","16","13","18","20","0x0","1100","1100","1100","1200","1050","1050","1050","1150","1000","1000","1000","1100","950","950","950","1050","0x0","34500","0x0","31000","0x0","34500","0x0","31000","0x0","0x59d","0x5b7","0x56f","0x56f","0x51","0x14","0x71","0xf","0xa0","0xf","0xa0","0xf","0x72","0xf","0x4b","50","0x1e","0x20","6","0","3","8","1","1","0x682","0x683","0","0","0x0","255","0","0xe","0x0","0x0"
"Ch. 16/17: Whereabouts Unknown","0x83b8c00","0xa","0x0","0x52","0xc","0x53","0x0","0x0","0x54","0","1","0x12","0x30","0x101","0","0x4","0x5","0x0","0x2","0xd","0x8","0xa","0xd","0x8","0xffff","0xffff","0x26","0x32","0x32","40","17","18","18","18","19","20","20","20","21","22","22","22","23","24","24","24","0x0","1100","1100","950","1400","1050","1050","900","1350","1000","1000","850","1300","950","950","800","1250","0x0","32500","0x0","31500","0x0","32500","0x0","31500","0x0","0x59e","0x5b8","0x570","0x570","0x55","0x15","0x71","0xf","0xa1","0xf","0xa2","0xf","0x72","0xf","0x4b","50","0x20","0x22","15","15","26","26","1","1","0x684","0x685","0","0","0x0","255","0","0x12","0x0","0x0"
"Ch. 16x/17x: The Port of Badon","0x83b8bf8","0x10","0x0","0x56","0x12","0x57","0x58","0x0","0x59","0","1","0x13","0x31","0xd09","0","0x6","0x5","0x0","0x6","0x12","0x6","0x6","0x12","0x6","0xffff","0xffff","0x26","0x4e","0x4e","100","5","10","10","10","7","12","12","12","9","14","14","14","11","16","16","16","0x0","650","700","650","700","600","650","600","650","550","600","550","600","500","550","500","550","0x0","16000","0x0","16000","0x0","16000","0x0","16000","0x0","0x59f","0x5b9","0x571","0x571","0x5a","0x16","0x71","0xf","0xa3","0xf","0xa3","0xf","0x72","0xf","0x4b","50","0x21","0x23","21","21","13","13","1","1","0x686","0x687","4","0","0x0","2","8","0x5a","0x0","0x0"
"Ch. 17/18: Pirate Ship","0x83b8bf0","0x5b","0x0","0x5c","0x5d","0x5e","0x5f","0x0","0x60","0","1","0x14","0x32","0x40a","0","0x8","0x5","0x0","0x2","0xd","0x2","0xa","0xd","0xa","0xffff","0xffff","0x26","0x3aa","0x3aa","100","7","11","7","11","9","11","9","11","10","11","10","11","11","11","11","11","0x0","950","1450","750","1600","900","1400","700","1550","850","1350","650","1500","800","1300","600","1450","0x0","25500","0x0","14000","0x0","25500","0x0","26000","0x0","0x5a0","0x5ba","0x572","0x572","0x61","0x17","0x71","0xf","0xa4","0xf","0xa5","0xf","0x72","0xf","0x4b","50","0x22","0x24","9","9","1","1","1","1","0x688","0x689","2","12","0x0","255","0","0x5a","0x0","0x0"
"Ch. 18/19: The Dread Isle","0x83b8be8","0x1c","0x1d","0x62","0x1f","0x63","0x5","0x0","0x64","3","1","0x15","0x33","0x904","0","0xd","0x5","0x0","0x7","0x13","0x8","0x7","0x13","0x7","0xffff","0xffff","0x26","0x4a","0x4a","30","10","10","9","12","12","12","11","14","14","14","13","16","16","16","15","18","0x0","900","1100","900","1200","850","1050","850","1150","800","1000","800","1100","750","950","750","1050","0x0","21500","0x0","16000","0x0","21500","0x0","16000","0x0","0x5a1","0x5bb","0x573","0x573","0x65","0x18","0x73","0xf","0xa6","0xf","0xa6","0xf","0x74","0xf","0x4b","80","0x24","0x26","1","1","9","9","1","1","0x68a","0x68b","3","0","0x0","255","0","0x5a","0x0","0x0"
"Ch. 18x/19x: Imprisoner of Magic","0x83b8be0","0x1c","0x1d","0x66","0x1f","0x67","0x5","0x0","0x68","0","1","0x16","0x34","0x603","0","0xd","0x5","0x0","0x5","0x11","0x5","0x5","0x11","0x5","0xffff","0xffff","0x26","0x3ac","0x3ac","100","10","10","12","25","12","12","14","27","14","14","16","29","16","16","18","31","0x0","1050","1000","1100","1250","1000","950","1050","1200","950","900","1000","1150","900","850","950","1100","0x0","8000","0x0","24500","0x0","8000","0x0","14500","0x0","0x5a2","0x5bc","0x574","0x574","0x69","0x19","0x75","0xf","0xa7","0xf","0xa7","0xf","0x76","0xf","0x4b","60","0x25","0x27","13","17","7","7","1","1","0x68c","0x68d","0","0","0x0","255","0","0x5a","0x0","0x0"
"Ch. 19x pt2: A Glimpse in Time (H)","0x83b8bd8","0x6a","0x0","0x6b","0x6c","0x6d","0x0","0x0","0x6e","3","1","0x16","0x35","0x111","0","0xc","0x5","0x0","0x7","0x13","0x7","0x7","0x13","0x7","0xffff","0xffff","0x26","0x3ac","0x3ac","100","0","0","9","18","0","0","11","20","0","0","13","22","0","0","15","24","0x0","0","0","850","850","0","0","800","800","0","0","750","750","0","0","700","700","0x0","0","0x0","0","0x0","22000","0x0","22000","0x0","0x5bd","0x5bd","0x575","0x575","0x6f","0x1a","0x75","0xf","0xa8","0xf","0xa8","0xf","0x80","0xf","0x4b","60","0x25","0x27","3","3","13","13","1","1","0x68e","0x68f","0","0","0x0","255","0","0x5a","0x0","0x0"
"Ch. 19/20: Dragon's Gate","0x83b8bd0","0x6a","0x0","0x6b","0x6c","0x70","0x0","0x0","0x71","0","1","0x17","0x36","0xd","0","0xc","0x5","0x0","0x2","0xd","0x2","0xa","0xd","0x8","0xffff","0xffff","0x26","0x10","0x10","30","10","16","10","16","12","18","12","18","14","20","14","20","16","22","16","22","0x0","1700","2100","1850","2350","1650","2050","1800","2300","1600","2000","1750","2250","1550","1950","1700","2200","0x0","49000","0x0","51500","0x0","49000","0x0","55000","0x0","0x5a3","0x5be","0x576","0x576","0x72","0x1b","0x77","0xf","0xa9","0xf","0xa9","0xf","0x78","0xf","0x4b","60","0x26","0x28","11","11","21","21","1","1","0x690","0x691","0","0","0x0","255","0","0x5a","0x0","0x0"
"Ch. 20/21: New Resolve","0x83b8bc8","0x10","0x0","0x73","0x12","0x74","0x58","0x0","0x75","3","1","0x18","0x37","0x808","0","0xe","0x5","0x0","0x7","0x13","0x7","0x7","0x13","0x7","0xffff","0xffff","0x26","0x56","0x56","100","5","9","7","9","7","11","9","11","9","13","11","13","11","15","13","15","0x0","950","1200","1050","1450","900","1150","1000","1400","850","1100","950","1350","800","1050","900","1300","0x0","21000","0x0","29000","0x0","21000","0x0","29000","0x0","0x5a4","0x5bf","0x577","0x577","0x76","0x1c","0x79","0xf","0xaa","0xf","0xaa","0xf","0x7a","0xf","0x4b","50","0x28","0x2a","2","2","7","7","1","1","0x692","0x693","3","0","0x0","255","0","0x5a","0x0","0x0"
"Ch. 21/22: Kinship's Bond","0x83b8bc0","0x16","0x0","0x77","0x18","0x78","0x0","0x0","0x79","0","1","0x19","0x38","0x30b","0","0xa","0x5","0x0","0x2","0xd","0x8","0xa","0xd","0x8","0xffff","0xffff","0x26","0x50","0x50","30","5","11","9","11","7","11","10","11","9","11","11","11","11","11","11","11","0x0","1150","1700","1200","2050","1100","1650","1150","2000","1050","1600","1100","1950","1000","1550","1050","1900","0x0","52500","0x0","45000","0x0","52500","0x0","44500","0x0","0x5a5","0x5c0","0x578","0x578","0x7a","0x1d","0x7b","0xf","0xab","0xf","0xab","0xf","0x7c","0xf","0x4b","60","0x2a","0x2c","8","8","2","2","1","1","0x694","0x695","2","12","0x0","255","0","0x10","0x0","0x0"
"Ch. 22/23: Living Legend","0x83b8bb8","0x7b","0x0","0x7c","0x7d","0x7e","0x0","0x0","0x0","0","1","0x1a","0x39","0x1103","0","0x9","0x5","0x0","0x2","0xf","0x8","0xa","0xf","0x8","0xffff","0xffff","0x26","0x22","0x22","100","9","9","13","9","11","11","15","11","13","13","17","13","15","15","19","15","0x0","1000","1200","1000","1300","950","1150","950","1250","900","1100","900","1200","850","1050","850","1150","0x0","91000","0x0","111000","0x0","91000","0x0","105500","0x0","0x5a6","0x5c1","0x579","0x579","0x7f","0x1e","0x7d","0xf","0xac","0xf","0xac","0xf","0x7e","0xf","0x4b","60","0x2c","0x2e","21","17","2","14","1","1","0x696","0x697","1","0","0x0","255","0","0x51","0x0","0x0"
"Ch. 22x/23x: Genesis","0x83b8bb0","0xa","0x0","0x80","0xc","0x81","0x0","0x0","0x82","0","1","0x1b","0x3a","0x90a","0","0xb","0x5","0x0","0x5","0x11","0x5","0x5","0x11","0x5","0xffff","0xffff","0x26","0x22","0x3ae","30","21","25","17","28","23","27","19","30","25","29","21","32","27","31","23","34","0x0","650","650","650","950","600","600","600","900","550","550","550","850","500","500","500","800","0x0","19000","0x0","19000","0x0","19000","0x0","19000","0x0","0x5a7","0x5c2","0x57a","0x57a","0x83","0x0","0x7f","0xf","0xad","0xf","0xad","0xf","0x80","0xf","0x41","0","0x2d","0x2f","19","19","5","5","1","1","0x698","0x699","1","0","0x0","255","0","0x12","0x0","0x0"
"Ch. 23/24: Four-Fanged Offense (Lloyd)","0x83b8ba8","0x1c","0x1d","0x1e","0x1f","0x84","0x5","0x0","0x85","3","1","0x1c","0x3b","0x308","0","0x0","0x5","0x0","0x7","0x13","0x8","0x7","0x13","0x8","0xffff","0xffff","0x26","0x4e","0x4e","100","13","11","13","14","15","13","15","16","17","15","17","18","19","17","19","20","0x0","1000","1650","1450","2100","950","1600","1400","2050","900","1550","1350","2000","850","1500","1300","1950","0x0","40500","0x0","36500","0x0","40500","0x0","33500","0x0","0x5a8","0x5c3","0x57b","0x57b","0x86","0x1f","0x7f","0xf","0xae","0xf","0xae","0xf","0x80","0xf","0x41","0","0x2e","0x30","7","7","24","24","1","1","0x69a","0x69b","3","0","0x0","255","0","0x5","0x0","0x0"
"Ch. 23/24: Four-Fanged Offense (Linus)","0x83b8ba0","0x10","0x0","0x56","0x12","0x87","0x58","0x0","0x88","0","1","0x1d","0x3c","0x913","0","0x6","0x5","0x0","0x2","0xd","0x2","0xa","0xd","0xa","0xffff","0xffff","0x26","0x4e","0x4e","100","13","22","16","22","15","24","18","24","17","26","20","26","19","28","22","28","0x0","1400","1900","1400","2150","1350","1850","1350","2100","1300","1800","1300","2050","1250","1750","1250","2000","0x0","37500","0x0","41500","0x0","37500","0x0","36500","0x0","0x5a9","0x5c4","0x57c","0x57c","0x89","0x20","0x7f","0xf","0xaf","0xf","0xaf","0xf","0x80","0xf","0x41","0","0x2e","0x30","1","1","15","15","1","1","0x69c","0x69d","3","0","0x0","255","0","0x5","0x0","0x0"
"Ch. 25: Crazed Beast (H)","0x83b8b98","0x1c","0x1d","0x8a","0x1f","0x8b","0x5","0x0","0x8c","0","1","0x1d","0x3d","0x5","0","0x0","0x5","0x0","0xa","0xd","0x8","0xa","0xd","0x8","0xffff","0xffff","0x26","0x50","0x50","100","0","0","19","20","0","0","21","22","0","0","23","24","0","0","25","26","0x0","0","0","2800","3350","0","0","2750","3300","0","0","2700","3250","0","0","2650","3200","0x0","0","0x0","0","0x0","14000","0x0","31500","0x0","0x5c5","0x5c5","0x57d","0x57d","0x8d","0x21","0x7f","0xf","0xb0","0xf","0xb0","0xf","0x80","0xf","0x41","0","0x2e","0x32","18","18","20","20","1","1","0x69e","0x69f","4","0","0x0","255","0","0x5a","0x0","0x0"
"Ch. 24/26: Unfulfilled Heart","0x83b8b90","0x1c","0x1d","0x1e","0x1f","0x8e","0x5","0x0","0x8f","0","1","0x1e","0x3e","0x20b","0","0x0","0x5","0x0","0x2","0xd","0x2","0xa","0xd","0x2","0xffff","0xffff","0x26","0x3a6","0x3a6","100","11","11","11","11","11","11","11","11","11","11","11","11","11","11","11","11","0x0","1000","1500","1850","1950","950","1450","1800","1900","900","1400","1750","1850","850","1350","1700","1800","0x0","73500","0x0","62000","0x0","73500","0x0","54000","0x0","0x5aa","0x5c6","0x57e","0x57e","0x90","0x22","0x7f","0xf","0xb1","0xf","0xb1","0xf","0x80","0xf","0x41","0","0x30","0x34","12","12","16","18","1","1","0x6a0","0x6a1","2","12","0x0","255","0","0x5a","0x0","0x0"
"Ch. 25/27: Pale Flower of Darkness (Kenneth)","0x83b8b88","0x91","0x0","0x92","0x93","0x94","0x0","0x0","0x95","0","1","0x1f","0x3f","0x1919","1","0x1","0x5","0x0","0x2","0xd","0x8","0xa","0xd","0x8","0xffff","0xffff","0x26","0x50","0x50","100","14","18","14","18","16","20","16","20","18","22","18","22","20","24","20","24","0x0","1250","1550","1250","1850","1200","1500","1200","1800","1150","1450","1150","1750","1100","1400","1100","1700","0x0","45000","0x0","51000","0x0","45000","0x0","52500","0x0","0x5ab","0x5c7","0x57f","0x57f","0x96","0x23","0x7f","0xf","0xb2","0xf","0xb3","0xf","0x80","0xf","0x41","0","0x32","0x36","1","1","19","19","1","1","0x6a2","0x6a3","0","0","0x0","255","0","0x5a","0x0","0x0"
"Ch. 25/27: Pale Flower of Darkness (Jerme)","0x83b8b80","0x91","0x0","0x92","0x93","0x97","0x0","0x98","0x99","0","1","0x20","0x40","0x503","1","0x1","0x5","0x0","0x2","0xd","0x8","0xa","0xd","0x8","0xffff","0xffff","0x26","0x50","0x50","100","22","25","22","28","24","27","24","30","26","29","26","32","28","31","28","34","0x0","1800","2250","1800","2450","1750","2200","1750","2400","1700","2150","1700","2350","1650","2100","1650","2300","0x0","46000","0x0","44500","0x0","46000","0x0","44500","0x0","0x5ac","0x5c8","0x580","0x580","0x9a","0x24","0x7f","0xf","0xb4","0xf","0xb5","0xf","0x80","0xf","0x41","0","0x32","0x36","6","6","25","25","1","1","0x6a4","0x6a5","1","0","0x0","255","0","0x5a","0x0","0x0"
"Ch. 26/28: Battle before Dawn","0x83b8b78","0xa","0x0","0x9b","0xc","0x9c","0x0","0x0","0x9d","3","1","0x21","0x41","0x1609","0","0x7","0x5","0x0","0x7","0x13","0x7","0x7","0x13","0x7","0xffff","0xffff","0x26","0x50","0x50","40","20","15","19","15","22","17","21","17","24","19","23","19","26","21","25","21","0x0","2550","1800","1950","2050","2500","1750","1900","2000","2450","1700","1850","1950","2400","1650","1800","1900","0x0","61000","0x0","71500","0x0","61000","0x0","73500","0x0","0x5ad","0x5c9","0x581","0x581","0x9e","0x25","0x7f","0xf","0xb6","0xf","0xb6","0xf","0x80","0xf","0x41","0","0x34","0x38","19","19","6","6","1","1","0x6a6","0x6a7","2","16","0x7a","255","0","0x5a","0x0","0x0"
"Ch. 26x/28x: Night of Farewells","0x83b8b70","0xa","0x0","0x9f","0xc","0xa0","0xa1","0x0","0xa2","0","1","0x22","0x42","0x902","0","0xd","0x5","0x0","0x5","0x11","0x5","0x5","0x11","0x5","0xffff","0xffff","0x26","0x3b8","0x3b8","40","10","28","9","28","12","30","11","30","14","32","13","32","16","34","15","34","0x0","1900","2250","2550","2950","1850","2200","2500","2900","1800","2150","2450","2850","1750","2100","2400","2800","0x0","99500","0x0","94000","0x0","99500","0x0","95000","0x0","0x5ae","0x5ca","0x582","0x582","0xa3","0x26","0x7f","0xf","0xb7","0xf","0xb7","0xf","0x80","0xf","0x41","0","0x35","0x39","255","255","0","0","1","1","0x6a8","0x6a9","0","0","0x0","255","0","0x5a","0x0","0x0"
"Ch. 27/29: Cog of Destiny","0x83b8b68","0x6a","0x0","0x6b","0x6c","0xa4","0x5","0x0","0xa5","0","1","0x23","0x43","0x902","0","0x0","0x5","0x0","0xb","0xe","0xb","0xb","0xe","0xb","0xffff","0xffff","0x26","0xffff","0xffff","40","18","20","16","30","20","22","18","32","22","24","20","34","24","26","22","36","0x0","3150","3650","3150","3550","3100","3600","3100","3500","3050","3550","3050","3450","3000","3500","3000","3400","0x0","46000","0x0","36000","0x0","46000","0x0","21500","0x0","0x5af","0x5cb","0x583","0x583","0xa6","0x27","0x7f","0xf","0xb8","0xf","0xb9","0xf","0x80","0xf","0x41","0","0x36","0x3a","22","22","26","26","1","1","0x6aa","0x6ab","1","0","0x0","255","0","0x5a","0x0","0x0"
"Ch. 28: Valorous Roland (E)","0x83b8b60","0xa7","0x0","0xa8","0xa9","0xaa","0x0","0xab","0xac","0","1","0x24","0x44","0x9","0","0x2","0x5","0x0","0xb","0xe","0xb","0x3","0xf","0xb","0xffff","0xffff","0x26","0x4a","0x4a","100","9","10","0","0","11","12","0","0","13","14","0","0","15","16","0","0","0x0","850","850","0","0","800","800","0","0","750","750","0","0","700","700","0","0","0x0","22000","0x0","16500","0x0","0","0x0","0","0x0","0x5b0","0x5b0","0x584","0x584","0xad","0x28","0x7f","0xf","0xba","0xf","0x0","0x0","0x80","0xf","0x41","0","0x38","0x3a","255","255","0","0","1","1","0x6ac","0x6ad","4","0","0x0","8","3","0x5a","0x0","0x0"
"Ch. 30: The Berserker (H)","0x83b8b58","0xae","0x0","0xaf","0xb0","0xb1","0x0","0x0","0xb2","0","1","0x24","0x44","0x105","0","0x3","0x5","0x0","0xb","0xe","0xb","0xb","0xe","0xb","0xffff","0xffff","0x26","0x3a8","0x3a8","100","0","0","12","14","0","0","14","16","0","0","16","18","0","0","18","20","0x0","0","0","800","650","0","0","750","600","0","0","700","550","0","0","650","500","0x0","0","0x0","0","0x0","15000","0x0","31000","0x0","0x5cc","0x5cc","0x585","0x585","0xb3","0x29","0x7f","0xf","0x0","0x0","0xbb","0xf","0x80","0xf","0x41","0","0x38","0x3c","255","255","0","0","1","1","0x6ae","0x6af","0","0","0x0","255","0","0x5a","0x0","0x0"
"Ch. 29/31: Sands of Time","0x83b8b50","0xa","0x0","0x3a","0xc","0xb4","0x0","0x0","0xb5","0","1","0x25","0x45","0x1910","0","0x0","0x5","0x0","0xb","0xe","0x8","0xb","0xe","0x8","0xffff","0xffff","0x27","0x58","0x58","40","14","11","14","11","16","11","16","11","18","11","18","11","20","11","20","11","0x0","1700","2050","2200","2400","1650","2000","2150","2350","1600","1950","2100","2300","1550","1900","2050","2250","0x0","101000","0x0","45000","0x0","101000","0x0","47000","0x0","0x5b1","0x5cd","0x586","0x586","0xb6","0x2a","0x0","0x0","0x0","0x0","0x0","0x0","0x0","0x0","0x0","0","0x3a","0x3e","9","9","1","1","1","1","0x6b0","0x6b1","2","12","0x0","255","0","0x10","0x0","0x0"
"Ch. 29x/31x: Battle Preparations","0x83b8b48","0x10","0x0","0xb7","0x12","0xb8","0x58","0x0","0x0","0","1","0x26","0x46","0x1","0","0x6","0x5","0x0","0x6","0x12","0x6","0x6","0x12","0x6","0xffff","0xffff","0x27","0x58","0x58","100","5","5","5","5","5","5","5","5","5","5","5","5","5","5","5","5","0x0","0","0","0","0","0","0","0","0","0","0","0","0","0","0","0","0","0x0","31000","0x0","31000","0x0","31000","0x0","31000","0x0","0x5b2","0x5ce","0x587","0x587","0xb9","0x0","0x0","0x0","0x0","0x0","0x0","0x0","0x0","0x0","0x0","0","0x3b","0x3f","2","2","1","1","0","1","0x6b2","0x6b3","2","6","0x0","255","0","0x5a","0x0","0x0"
"Ch. 30/32: Victory or Death","0x83b8b40","0x1c","0x1d","0x1e","0x1f","0xba","0x5","0x0","0xbb","0","1","0x27","0x47","0x319","0","0xd","0x5","0x0","0xb","0xe","0xb","0xb","0xe","0xb","0xffff","0xffff","0x27","0x3ac","0x3ac","100","13","15","12","15","15","20","14","20","17","25","16","25","19","30","18","30","0x0","5000","6150","6150","8000","4950","6100","6100","7950","4900","6050","6050","7900","4850","6000","6000","7850","0x0","50000","0x0","50500","0x0","50000","0x0","50000","0x0","0x5b3","0x5cf","0x588","0x588","0xbc","0x2b","0x81","0xf","0xbc","0xf","0xbc","0xf","0x82","0xf","0x41","0","0x3c","0x40","3","3","29","29","1","1","0x6b4","0x6b5","0","0","0x0","255","0","0x5a","0x0","0x0"
"Ch. 32x: The Value of Life (H)","0x83b8b38","0x6a","0x0","0xbd","0x6c","0xbe","0x0","0x0","0xbf","0","1","0x27","0x48","0xa0b","0","0xd","0x5","0x0","0x5","0x11","0x5","0x5","0x11","0x5","0xffff","0xffff","0x27","0x3ac","0x3ac","100","0","0","17","12","0","0","19","14","0","0","21","16","0","0","23","18","0x0","0","0","1400","1400","0","0","1350","1350","0","0","1300","1300","0","0","1250","1250","0x0","0","0x0","0","0x0","11000","0x0","13000","0x0","0x5d0","0x5d0","0x589","0x589","0xc0","0x2c","0x0","0x0","0x0","0x0","0x0","0x0","0x0","0x0","0x0","0","0x3c","0x41","17","17","15","15","1","1","0x6b6","0x6b7","4","0","0x0","255","0","0x46","0x0","0x0"
"Final Chapter: Light (pt1)","0x83b8b30","0xc1","0x0","0xc2","0xc3","0xc4","0xc5","0x0","0xc6","0","1","0x28","0x49","0x9","0","0xd","0x5","0x0","0x4","0x10","0x4","0x4","0x10","0x4","0xffff","0xffff","0x27","0x3b1","0x3b1","100","9","8","12","10","11","10","14","12","13","12","16","14","15","14","18","16","0x0","3300","2800","3250","2800","3250","2750","3200","2750","3200","2700","3150","2700","3150","2650","3100","2650","0x0","150000","0x0","150000","0x0","150000","0x0","150000","0x0","0x5b4","0x5b4","0x58a","0x58a","0xc7","0x0","0x0","0x0","0xbe","0xf","0xbe","0xf","0x0","0x0","0x41","0","0x3e","0x42","255","255","0","0","0","1","0x6b8","0x6b9","3","0","0x0","255","0","0x53","0x0","0x0"
"Final Chapter: Light (pt2)","0x83b8b28","0xc1","0x0","0xc2","0xc3","0xc8","0xc5","0x0","0xc9","0","0","0x28","0x49","0xd","0","0xd","0x5","0x0","0x4","0x10","0x4","0x4","0x10","0x4","0xffff","0xffff","0x27","0x35","0x35","100","1","2","1","2","3","3","3","3","5","4","5","4","7","5","7","5","0x0","200","200","200","250","150","150","150","200","100","100","100","150","50","50","50","100","0x0","0","0x0","0","0x0","0","0x0","0","0x0","0x5b4","0x5b4","0x58a","0x58a","0xca","0x0","0x0","0x0","0x0","0x0","0x0","0x0","0x0","0x0","0x0","0","0x3e","0x42","255","255","0","0","0","0","0x6ba","0x6bb","3","0","0x0","255","0","0xd","0x0","0x0"
"Outside Araphen","0x83b8b20","0x10","0x0","0xcb","0x12","0xcc","0x0","0x0","0x0","0","0","0x0","0x0","0x1","0","0x0","0x0","0x0","0xffff","0xffff","0xffff","0xffff","0xffff","0xffff","0xffff","0xffff","0xffff","0xffff","0xffff","100","0","0","0","0","0","0","0","0","0","0","0","0","0","0","0","0","0x0","0","0","0","0","0","0","0","0","0","0","0","0","0","0","0","0","0x0","0","0x0","0","0x0","0","0x0","0","0x0","0x0","0x0","0x0","0x0","0xcd","0x0","0x0","0x0","0x0","0x0","0x0","0x0","0x0","0x0","0x0","0","0x0","0x0","255","255","0","0","0","0","0x65c","0x65d","0","0","0x0","255","0","0x1e","0x0","0x0"
"Outside fort","0x83b8b14","0xa","0x0","0x29","0xc","0xce","0x0","0x0","0xcf","0","0","0x0","0x0","0x1","0","0x0","0x0","0x0","0xffff","0xffff","0xffff","0xffff","0xffff","0xffff","0xffff","0xffff","0xffff","0xffff","0xffff","100","0","0","0","0","0","0","0","0","0","0","0","0","0","0","0","0","0x0","0","0","0","0","0","0","0","0","0","0","0","0","0","0","0","0","0x0","0","0x0","0","0x0","0","0x0","0","0x0","0x0","0x0","0x0","0x0","0xd0","0x0","0x0","0x0","0x0","0x0","0x0","0x0","0x0","0x0","0x0","0","0x0","0x0","255","255","0","0","0","0","0x65c","0x65d","0","0","0x0","255","0","0x36","0x0","0x0"
"Ostia","0x83b8b0c","0xa","0x0","0x3a","0xc","0xd1","0x0","0x0","0x0","0","0","0x0","0x0","0x1","0","0x0","0x0","0x0","0xffff","0xffff","0xffff","0xffff","0xffff","0xffff","0xffff","0xffff","0xffff","0xffff","0xffff","100","0","0","0","0","0","0","0","0","0","0","0","0","0","0","0","0","0x0","0","0","0","0","0","0","0","0","0","0","0","0","0","0","0","0","0x0","0","0x0","0","0x0","0","0x0","0","0x0","0x0","0x0","0x0","0x0","0xd2","0x0","0x0","0x0","0x0","0x0","0x0","0x0","0x0","0x0","0x0","0","0x0","0x0","255","255","0","0","0","0","0x65c","0x65d","0","0","0x0","255","0","0xd","0x0","0x0"
"Castle","0x83b8b04","0x1c","0x1d","0x1e","0x1f","0xd3","0x5","0x0","0x0","0","0","0x0","0x0","0x1","0","0x0","0x0","0x0","0xffff","0xffff","0xffff","0xffff","0xffff","0xffff","0xffff","0xffff","0xffff","0xffff","0xffff","100","0","0","0","0","0","0","0","0","0","0","0","0","0","0","0","0","0x0","0","0","0","0","0","0","0","0","0","0","0","0","0","0","0","0","0x0","0","0x0","0","0x0","0","0x0","0","0x0","0x0","0x0","0x0","0x0","0xd4","0x0","0x0","0x0","0x0","0x0","0x0","0x0","0x0","0x0","0x0","0","0x0","0x0","255","255","0","0","0","0","0x65c","0x65d","0","0","0x0","255","0","0x12","0x0","0x0"
"Laus","0x83b8afc","0x1c","0x1d","0x1e","0x1f","0xd5","0x5","0x0","0x0","0","0","0x0","0x0","0x1","0","0x0","0x0","0x0","0xffff","0xffff","0xffff","0xffff","0xffff","0xffff","0xffff","0xffff","0xffff","0xffff","0xffff","100","0","0","0","0","0","0","0","0","0","0","0","0","0","0","0","0","0x0","0","0","0","0","0","0","0","0","0","0","0","0","0","0","0","0","0x0","0","0x0","0","0x0","0","0x0","0","0x0","0x0","0x0","0x0","0x0","0xd6","0x0","0x0","0x0","0x0","0x0","0x0","0x0","0x0","0x0","0x0","0","0x0","0x0","255","255","0","0","0","0","0x65c","0x65d","0","0","0x0","255","0","0x1c","0x0","0x0"
"Nergal and kids flashback","0x83b8af0","0x6a","0x0","0xd7","0x6c","0xd8","0x0","0x0","0x0","0","0","0x0","0x0","0x1","0","0x0","0x0","0x0","0xffff","0xffff","0xffff","0xffff","0xffff","0xffff","0xffff","0xffff","0xffff","0xffff","0xffff","100","0","0","0","0","0","0","0","0","0","0","0","0","0","0","0","0","0x0","0","0","0","0","0","0","0","0","0","0","0","0","0","0","0","0","0x0","0","0x0","0","0x0","0","0x0","0","0x0","0x0","0x0","0x0","0x0","0xd9","0x0","0x0","0x0","0x0","0x0","0x0","0x0","0x0","0x0","0x0","0","0x0","0x0","255","255","0","0","0","0","0x65c","0x65d","0","0","0x0","255","0","0x5a","0x0","0x0"
"Meeting with Uther","0x83b8ae8","0x16","0x0","0x77","0x18","0xda","0x0","0x0","0x0","0","0","0x0","0x0","0x1","0","0x0","0x0","0x0","0xffff","0xffff","0xffff","0xffff","0xffff","0xffff","0xffff","0xffff","0xffff","0xffff","0xffff","100","0","0","0","0","0","0","0","0","0","0","0","0","0","0","0","0","0x0","0","0","0","0","0","0","0","0","0","0","0","0","0","0","0","0","0x0","0","0x0","0","0x0","0","0x0","0","0x0","0x0","0x0","0x0","0x0","0xdb","0x0","0x0","0x0","0x0","0x0","0x0","0x0","0x0","0x0","0x0","0","0x0","0x0","255","255","0","0","0","0","0x65c","0x65d","0","0","0x0","255","0","0x5a","0x0","0x0"
"Athos' place (Sacred Shrine)","0x83b8ae0","0xa","0x0","0xdc","0xc","0xdd","0xa1","0x0","0x0","0","0","0x0","0x0","0x1","0","0x0","0x0","0x0","0xffff","0xffff","0xffff","0xffff","0xffff","0xffff","0xffff","0xffff","0xffff","0xffff","0xffff","100","0","0","0","0","0","0","0","0","0","0","0","0","0","0","0","0","0x0","0","0","0","0","0","0","0","0","0","0","0","0","0","0","0","0","0x0","0","0x0","0","0x0","0","0x0","0","0x0","0x0","0x0","0x0","0x0","0xde","0x0","0x0","0x0","0x0","0x0","0x0","0x0","0x0","0x0","0x0","0","0x0","0x0","255","255","0","0","0","0","0x65c","0x65d","0","0","0x0","255","0","0x12","0x0","0x0"
"Messed up building","0x83b8ad4","0xa","0x0","0x3a","0xc","0xdf","0x0","0x0","0x0","0","0","0x0","0x0","0x1","0","0x0","0x0","0x0","0xffff","0xffff","0xffff","0xffff","0xffff","0xffff","0xffff","0xffff","0xffff","0xffff","0xffff","100","0","0","0","0","0","0","0","0","0","0","0","0","0","0","0","0","0x0","0","0","0","0","0","0","0","0","0","0","0","0","0","0","0","0","0x0","0","0x0","0","0x0","0","0x0","0","0x0","0x0","0x0","0x0","0x0","0xe0","0x0","0x0","0x0","0x0","0x0","0x0","0x0","0x0","0x0","0x0","0","0x0","0x0","255","255","0","0","0","0","0x65c","0x65d","0","0","0x0","255","0","0x12","0x0","0x0"
"Town with Nino (talk w/Lloyd + Linus)","0x83b8acc","0x10","0x0","0xb7","0x12","0xe1","0x58","0x0","0x0","0","0","0x0","0x0","0x1","0","0x0","0x0","0x0","0xffff","0xffff","0xffff","0xffff","0xffff","0xffff","0xffff","0xffff","0xffff","0xffff","0xffff","100","0","0","0","0","0","0","0","0","0","0","0","0","0","0","0","0","0x0","0","0","0","0","0","0","0","0","0","0","0","0","0","0","0","0","0x0","0","0x0","0","0x0","0","0x0","0","0x0","0x0","0x0","0x0","0x0","0xe2","0x0","0x0","0x0","0x0","0x0","0x0","0x0","0x0","0x0","0x0","0","0x0","0x0","255","255","0","0","0","0","0x65c","0x65d","0","0","0x0","255","0","0x5","0x0","0x0"
"Path to the HQ (Lyn uses tracking)","0x83b8ac4","0x1c","0x1d","0xe3","0x1f","0xe4","0x5","0x0","0x0","0","0","0x0","0x0","0x1","0","0x0","0x0","0x0","0xffff","0xffff","0xffff","0xffff","0xffff","0xffff","0xffff","0xffff","0xffff","0xffff","0xffff","100","0","0","0","0","0","0","0","0","0","0","0","0","0","0","0","0","0x0","0","0","0","0","0","0","0","0","0","0","0","0","0","0","0","0","0x0","0","0x0","0","0x0","0","0x0","0","0x0","0x0","0x0","0x0","0x0","0xe5","0x0","0x0","0x0","0x0","0x0","0x0","0x0","0x0","0x0","0x0","0","0x0","0x0","255","255","0","0","0","0","0x65c","0x65d","0","0","0x0","255","0","0x5a","0x0","0x0"
"Black Fang HQ","0x83b8abc","0x91","0x0","0x92","0x93","0xe6","0x0","0x0","0x0","0","0","0x0","0x0","0x1","0","0x0","0x0","0x0","0xffff","0xffff","0xffff","0xffff","0xffff","0xffff","0xffff","0xffff","0xffff","0xffff","0xffff","100","0","0","0","0","0","0","0","0","0","0","0","0","0","0","0","0","0x0","0","0","0","0","0","0","0","0","0","0","0","0","0","0","0","0","0x0","0","0x0","0","0x0","0","0x0","0","0x0","0x0","0x0","0x0","0x0","0xe7","0x0","0x0","0x0","0x0","0x0","0x0","0x0","0x0","0x0","0x0","0","0x0","0x0","255","255","0","0","0","0","0x65c","0x65d","0","0","0x0","255","0","0x5a","0x0","0x0"
"Forests and stuff","0x83b8ab4","0x1c","0x1d","0x1e","0x1f","0xe8","0x5","0x0","0x0","0","0","0x0","0x0","0x1","0","0x0","0x0","0x0","0xffff","0xffff","0xffff","0xffff","0xffff","0xffff","0xffff","0xffff","0xffff","0xffff","0xffff","100","0","0","0","0","0","0","0","0","0","0","0","0","0","0","0","0","0x0","0","0","0","0","0","0","0","0","0","0","0","0","0","0","0","0","0x0","0","0x0","0","0x0","0","0x0","0","0x0","0x0","0x0","0x0","0x0","0xe9","0x0","0x0","0x0","0x0","0x0","0x0","0x0","0x0","0x0","0x0","0","0x0","0x0","255","255","0","0","0","0","0x65c","0x65d","0","0","0x0","255","0","0x5a","0x0","0x0"
"Nighttime village (Jaffar + Nino leave for Sonia)","0x83b8aac","0x10","0x0","0xea","0x12","0xeb","0x58","0x0","0x0","0","0","0x0","0x0","0x1","0","0x0","0x0","0x0","0xffff","0xffff","0xffff","0xffff","0xffff","0xffff","0xffff","0xffff","0xffff","0xffff","0xffff","100","0","0","0","0","0","0","0","0","0","0","0","0","0","0","0","0","0x0","0","0","0","0","0","0","0","0","0","0","0","0","0","0","0","0","0x0","0","0x0","0","0x0","0","0x0","0","0x0","0x0","0x0","0x0","0x0","0xec","0x0","0x0","0x0","0x0","0x0","0x0","0x0","0x0","0x0","0x0","0","0x0","0x0","255","255","0","0","0","0","0x65c","0x65d","0","0","0x0","255","0","0x5a","0x0","0x0"
"Cave with Ninian (Ch. 19xx Teodor n stuff)","0x83b8aa4","0x1c","0x1d","0x1e","0x1f","0xed","0x5","0x0","0x0","0","0","0x0","0x0","0x1","0","0x0","0x0","0x0","0xffff","0xffff","0xffff","0xffff","0xffff","0xffff","0xffff","0xffff","0xffff","0xffff","0xffff","100","0","0","0","0","0","0","0","0","0","0","0","0","0","0","0","0","0x0","0","0","0","0","0","0","0","0","0","0","0","0","0","0","0","0","0x0","0","0x0","0","0x0","0","0x0","0","0x0","0x0","0x0","0x0","0x0","0xee","0x0","0x0","0x0","0x0","0x0","0x0","0x0","0x0","0x0","0x0","0","0x0","0x0","255","255","0","0","0","0","0x65c","0x65d","0","0","0x0","255","0","0x5a","0x0","0x0"
"Ostia with Athos (Telling about history)","0x83b8a9c","0xa","0x0","0x3a","0xc","0xef","0x0","0x0","0x0","0","0","0x0","0x0","0x1","0","0x0","0x0","0x0","0xffff","0xffff","0xffff","0xffff","0xffff","0xffff","0xffff","0xffff","0xffff","0xffff","0xffff","100","0","0","0","0","0","0","0","0","0","0","0","0","0","0","0","0","0x0","0","0","0","0","0","0","0","0","0","0","0","0","0","0","0","0","0x0","0","0x0","0","0x0","0","0x0","0","0x0","0x0","0x0","0x0","0x0","0xf0","0x0","0x0","0x0","0x0","0x0","0x0","0x0","0x0","0x0","0x0","0","0x0","0x0","255","255","0","0","0","0","0x65c","0x65d","0","0","0x0","255","0","0x5a","0x0","0x0"
"Closed dragons gate","0x83b8a94","0xc1","0x0","0xc2","0xc3","0xf1","0x0","0x0","0xf2","0","0","0x0","0x0","0x1","0","0x0","0x0","0x0","0xffff","0xffff","0xffff","0xffff","0xffff","0xffff","0xffff","0xffff","0xffff","0xffff","0xffff","100","0","0","0","0","0","0","0","0","0","0","0","0","0","0","0","0","0x0","0","0","0","0","0","0","0","0","0","0","0","0","0","0","0","0","0x0","0","0x0","0","0x0","0","0x0","0","0x0","0x0","0x0","0x0","0x0","0xf3","0x0","0x0","0x0","0x0","0x0","0x0","0x0","0x0","0x0","0x0","0","0x0","0x0","255","255","0","0","0","0","0x65c","0x65d","0","0","0x0","255","0","0x5a","0x0","0x0"
"Link Arena","0x83b8a90","0x16","0x0","0x77","0x18","0xf4","0x0","0x0","0x0","0","0","0x0","0x0","0x1","0","0x0","0x0","0x0","0xffff","0xffff","0xffff","0xffff","0xffff","0xffff","0xffff","0xffff","0xffff","0xffff","0xffff","100","0","0","0","0","0","0","0","0","0","0","0","0","0","0","0","0","0x0","0","0","0","0","0","0","0","0","0","0","0","0","0","0","0","0","0x0","0","0x0","0","0x0","0","0x0","0","0x0","0x0","0x0","0x0","0x0","0x0","0x0","0x0","0x0","0x0","0x0","0x0","0x0","0x0","0x0","0x0","0","0x0","0x0","255","255","0","0","0","0","0x65c","0x65d","0","0","0x0","255","0","0x0","0x0","0x0"
"0x42","0x83b8a88","0x1c","0x1d","0x1e","0x1f","0xf5","0x5","0x0","0x0","0","0","0x0","0x0","0x402","0","0x0","0x0","0x0","0xffff","0xffff","0xffff","0xffff","0xffff","0xffff","0xffff","0xffff","0xffff","0xffff","0xffff","100","0","0","0","0","0","0","0","0","0","0","0","0","0","0","0","0","0x0","0","0","0","0","0","0","0","0","0","0","0","0","0","0","0","0","0x0","0","0x0","0","0x0","0","0x0","0","0x0","0x0","0x0","0x0","0x0","0xf6","0x0","0x0","0x0","0x0","0x0","0x0","0x0","0x0","0x0","0x0","0","0x0","0x0","255","255","0","0","0","0","0x65c","0x65d","0","0","0x0","255","0","0x0","0x0","0x0"
"0x43","0x0","0x4c","0xc7","0x34","0x8","0x78","0x2e","0x36","0x8","16","238","0x35","0x8","0xaf00","54","0x8","0x38","0x5d","0x8b9","0x720","0x8ca","0x2d38","0x836","0xae00","0x836","0x974","0x8ca","0x64f0","0x834","248","43","54","8","80","219","53","8","228","172","54","8","32","29","206","8","8","0xb","2250","62152","2099","10936","2102","50748","2101","43948","2102","7532","2254","3236","2250","48240","2099","10616","0x836","3520300","0x8","3582564","0x8","13508024","0x8","13242024","0x8","0xb01c","0x836","0xec28","0x836","0x38","0x28","0x36","0x8","0x3c","0x9f","0x35","0x8","0x40","0xa9","0x36","8","0x30","0x10","202","8","248","38","54","8","0xa7b4","0x836","192","30","0xce","8","112","0x12","0xca","0x8"
